Sequence,ID,Length,Net_Charge,Hydrophobicity_GRAVY,Molecular_Weight,Instability_Index,Fraction_Positive_AA,Fraction_Negative_AA,Fraction_Hydrophobic_AA,Source,Description
GSGSRQSPSYGR,AP03020,12.0,1.5548970384329168,-1.65,1238.2674,123.475,0.1666666666666666,0.0,0.0833333333333333,APD3,AP03020
GLLGSLFGAGKKVACALSGLC,DRAMP01412,21.0,1.503434947131706,1.1904761904761905,1965.3833,18.319047619047616,0.0952380952380952,0.0,0.4761904761904762,DRAMP,
RRIRRRPPRLPRPRPR,AP05391,16.0,8.557226803466587,-2.5125,2135.5778,158.11249999999998,0.5625,0.0,0.4375,APD3,AP05391
DPVTYIRNGGICQYRCIGLRHKIGTCGSPFKCCK,DRAMP03407,34.0,4.4594056371097714,-0.2235294117647059,3788.4735,31.273529411764702,0.2058823529411765,0.0294117647058823,0.2647058823529412,DRAMP,
FIGPVLKIAAGILPTAICKIFKKC,DRAMP02288,24.0,3.4984237617971345,1.25,2545.2427,13.245833333333334,0.1666666666666666,0.0,0.625,DRAMP,
ARIRPRPPRLPRPRPR,AP05329,16.0,6.607626470297863,-1.9375,1991.3995,58.0375,0.4375,0.0,0.5625,APD3,AP05329
GLFSVVTGVLKAVGKNVAKNVGGSLLEQLKCKKISGGC,DRAMP01252,38.0,4.494533337402407,0.4421052631578948,3803.5394,3.426315789473683,0.1578947368421052,0.0263157894736842,0.3947368421052631,DRAMP,
MARVSLLLIVLSIALVAPSQGFLKDLLFGEAKTALLEDGTTEILDHVCNFRVMPRLRSWELYFRGDVWCPGWTVIKGESL,DRAMP02951,80.0,-1.7302500316859355,0.4462499999999999,9007.5261,35.067499999999995,0.1124999999999999,0.1125,0.5249999999999999,DRAMP,
VTCYCRRTRCGFRERLSGACGYRGRIYRLCCR,DRAMP03419,32.0,7.369508534637829,-0.49375,3835.5234,20.1375,0.28125,0.03125,0.1875,DRAMP,
KPYCSCKWRCGIGEEEKGICHKFPIVTYVCCRRP,DRAMP03799,34.0,3.435312475556679,-0.4147058823529411,3990.7459,66.27941176470588,0.2352941176470588,0.088235294117647,0.2941176470588235,DRAMP,
