drug_code,n_lines,median_log10,q1_log10,q3_log10,AMP_name,AMP_sequence,xerr_left,xerr_right,rri_low,rri_high,RRI
PEX,10,0.3010299956639812,0.0,0.8278324880759482,Pexiganan,GIGKFLKKAKKFGKAFVKILKK,0.3010299956639812,0.526802492411967,0.7,0.85,0.8160934072833945
PXB,10,3.073351702386901,2.3052918532018216,3.073351702386901,Polymyxin B,DABTHDABTHDABTHDABTHDABTHDABTHR,0.7680598491850792,0.0,0.05,0.2,0.1158317659628079
